drug_id,price
0_test,10.42
1_test,-0.14
2_test,18.18
3_test,40.58
4_test,165.99
5_test,11.71
6_test,9.81
7_test,578.18
8_test,7.48
9_test,10.11
10_test,3.11
11_test,7.48
12_test,18.18
13_test,11.88
14_test,17.68
16_test,9.61
17_test,10.11
18_test,7.48
19_test,10.11
20_test,26.85
21_test,7.48
22_test,29.04
23_test,10.11
24_test,10.11
26_test,36.36
27_test,6.28
29_test,7.48
30_test,7.48
32_test,10.11
33_test,0.51
34_test,12.55
35_test,9.61
36_test,31.15
37_test,7.48
38_test,10.11
39_test,110.34
41_test,18.49
42_test,9.81
43_test,10.42
44_test,9.75
46_test,28.29
47_test,7.48
48_test,13.02
51_test,7.48
54_test,161.18
55_test,-5.99
56_test,13.36
58_test,7.48
59_test,20.62
60_test,9.61
61_test,34.98
63_test,7.48
64_test,7.48
65_test,3.7
67_test,26.85
68_test,33.86
69_test,3.7
70_test,3.64
71_test,10.65
72_test,10.11
73_test,3.64
74_test,32.52
75_test,7.48
76_test,7.48
77_test,-0.14
78_test,10.65
79_test,10.11
80_test,49.79
81_test,10.11
82_test,13.59
83_test,6.58
84_test,9.61
85_test,31.46
86_test,12.55
87_test,3.7
88_test,13.59
89_test,15.55
90_test,38.49
91_test,3.7
93_test,9.61
94_test,12.55
95_test,7.48
97_test,10.11
98_test,10.65
99_test,43.74
100_test,3.64
101_test,7.48
102_test,85.33
103_test,10.42
104_test,3.11
105_test,7.48
106_test,7.48
107_test,35.52
108_test,6.27
109_test,18.18
111_test,13.05
112_test,17.68
113_test,-1.62
114_test,3.7
115_test,15.55
116_test,3.64
117_test,3.64
118_test,7.48
119_test,7.48
120_test,15.55
121_test,3.7
122_test,17.68
123_test,81.6
124_test,13.05
128_test,20.62
129_test,26.85
131_test,69.0
132_test,8.71
133_test,15.55
134_test,17.68
135_test,3.64
136_test,7.48
137_test,15.55
138_test,-0.14
139_test,10.42
140_test,7.48
141_test,23.92
142_test,30.42
143_test,8.71
144_test,3.7
145_test,10.11
146_test,15.55
147_test,2.44
149_test,10.42
150_test,18.18
152_test,7.48
153_test,13.05
154_test,5.77
156_test,5.77
157_test,3.64
160_test,14.94
161_test,7.48
162_test,7.48
163_test,7.48
164_test,7.48
165_test,19.26
166_test,9.52
167_test,3.64
168_test,24.03
170_test,10.11
173_test,20.01
175_test,11.19
176_test,7.48
177_test,7.48
178_test,36.36
179_test,43.79
180_test,18.18
181_test,29.45
183_test,18.72
184_test,197.97
185_test,7.48
187_test,12.55
188_test,3.64
189_test,30.62
190_test,15.55
191_test,7.48
194_test,10.42
195_test,10.11
196_test,6.33
199_test,10.65
200_test,10.11
201_test,9.58
202_test,9.22
203_test,7.48
205_test,36.53
206_test,12.55
207_test,10.65
208_test,9.61
209_test,55.74
210_test,9.61
211_test,7.48
212_test,21.66
214_test,17.88
215_test,24.38
216_test,31.46
217_test,3.64
218_test,20.3
219_test,13.36
220_test,3.64
221_test,3.64
222_test,3.7
223_test,6.05
225_test,12.55
226_test,10.42
227_test,39.3
228_test,7.48
229_test,20.97
230_test,31.23
231_test,7.48
232_test,-0.14
235_test,10.65
236_test,13.05
237_test,3.11
238_test,3.64
239_test,3.7
242_test,12.55
243_test,9.61
245_test,6.81
246_test,10.11
247_test,6.87
248_test,12.55
249_test,12.55
250_test,7.48
251_test,3.11
252_test,20.97
253_test,32.08
254_test,560.01
256_test,10.65
257_test,16.3
258_test,10.42
259_test,6.87
260_test,20.62
263_test,3.64
264_test,87.79
266_test,29.04
267_test,3.64
268_test,9.61
269_test,3.64
270_test,12.55
271_test,10.11
272_test,7.48
274_test,25.08
275_test,13.59
276_test,7.48
277_test,20.97
278_test,10.65
279_test,10.65
280_test,80.43
281_test,-0.73
282_test,34.93
283_test,10.11
284_test,7.48
285_test,10.11
286_test,10.65
287_test,163.3
288_test,11.19
289_test,13.98
290_test,7.48
291_test,9.61
292_test,7.48
293_test,43.89
294_test,10.42
295_test,3.64
296_test,18.72
297_test,161.27
298_test,9.61
299_test,7.48
300_test,85.33
301_test,13.59
302_test,3.64
303_test,99.26
304_test,7.48
306_test,47.3
307_test,9.61
309_test,26.85
311_test,20.62
312_test,7.48
313_test,19.51
314_test,13.59
315_test,6.81
317_test,10.42
318_test,3.11
319_test,9.61
320_test,3.7
321_test,13.05
322_test,9.61
323_test,7.48
324_test,5.77
325_test,-0.14
326_test,10.42
327_test,10.11
328_test,9.61
331_test,7.48
332_test,38.82
333_test,11.19
334_test,15.55
337_test,37.06
338_test,15.55
339_test,10.11
340_test,10.11
342_test,10.42
343_test,96.04
344_test,10.65
345_test,7.48
346_test,3.7
349_test,6.87
350_test,7.48
351_test,18.49
352_test,41.43
353_test,6.27
354_test,15.55
355_test,7.48
356_test,61.76
357_test,15.72
358_test,7.48
359_test,3.11
360_test,60.39
362_test,7.48
363_test,10.11
364_test,3.64
366_test,10.65
367_test,10.11
368_test,7.48
369_test,19.88
370_test,9.61
371_test,7.48
372_test,12.55
373_test,18.18
374_test,3.11
375_test,18.18
376_test,15.55
377_test,3.64
378_test,7.48
379_test,13.59
382_test,7.48
383_test,22.48
384_test,8.71
385_test,32.55
386_test,-0.14
388_test,3.64
389_test,71.58
390_test,10.65
391_test,13.59
392_test,3.11
394_test,10.42
395_test,36.36
396_test,15.55
397_test,10.65
398_test,10.11
400_test,17.29
401_test,35.04
402_test,6.87
403_test,7.48
404_test,7.48
405_test,7.48
406_test,10.11
407_test,73.48
408_test,31.46
409_test,7.48
410_test,6.81
411_test,7.48
412_test,12.55
414_test,37.99
415_test,7.48
416_test,7.48
417_test,7.48
418_test,9.61
419_test,7.48
421_test,44.93
422_test,138.05
423_test,10.65
424_test,52.31
426_test,3.11
428_test,59.29
429_test,29.45
430_test,6.27
431_test,10.65
432_test,36.36
433_test,44.6
434_test,384.75
435_test,6.05
436_test,44.93
437_test,13.59
438_test,15.55
440_test,3.64
442_test,100.46
443_test,7.48
444_test,3.11
445_test,12.55
446_test,7.48
447_test,9.81
448_test,39.3
449_test,17.68
450_test,-0.14
451_test,3.7
452_test,7.48
453_test,7.48
454_test,102.92
455_test,6.58
456_test,-0.14
457_test,10.11
458_test,36.36
459_test,10.65
460_test,13.05
461_test,18.18
462_test,7.48
463_test,40.07
464_test,7.48
465_test,3.11
467_test,10.65
469_test,8.71
470_test,3.64
471_test,3.11
473_test,-2.52
474_test,26.85
475_test,9.61
476_test,10.65
477_test,-0.73
478_test,6.05
479_test,36.36
480_test,18.18
481_test,6.58
482_test,10.11
483_test,6.87
485_test,7.48
486_test,14.53
487_test,3.64
488_test,17.75
489_test,10.65
490_test,10.42
491_test,10.65
493_test,3.7
494_test,9.81
495_test,7.48
496_test,-0.14
497_test,10.42
499_test,7.48
500_test,3.11
501_test,10.11
502_test,36.36
503_test,15.55
504_test,10.42
505_test,10.65
506_test,7.48
507_test,7.48
508_test,26.97
509_test,12.55
510_test,12.55
511_test,71.09
512_test,13.05
513_test,18.18
514_test,318.16
516_test,10.42
517_test,15.72
518_test,7.48
519_test,9.81
520_test,11.19
521_test,16.22
522_test,11.71
523_test,18.49
524_test,10.42
525_test,18.72
526_test,18.49
527_test,18.49
528_test,38.49
529_test,13.6
530_test,9.61
531_test,13.59
532_test,12.46
533_test,3.64
535_test,33.36
536_test,15.55
539_test,-0.14
540_test,12.55
542_test,31.46
543_test,7.48
544_test,5.77
545_test,6.81
546_test,31.46
547_test,43.87
548_test,28.29
549_test,31.46
550_test,7.48
551_test,7.48
553_test,33.86
554_test,11.19
555_test,6.27
556_test,44.95
557_test,10.11
558_test,7.48
560_test,10.42
562_test,18.49
563_test,7.48
564_test,10.42
565_test,7.48
566_test,16.22
568_test,-0.14
570_test,23.1
572_test,60.79
573_test,10.11
574_test,15.55
575_test,13.59
576_test,3.7
577_test,7.48
579_test,28.29
580_test,18.49
581_test,12.55
583_test,20.62
584_test,28.98
585_test,6.27
586_test,41.43
587_test,78.35
588_test,3.7
590_test,7.48
591_test,6.87
592_test,31.46
594_test,6.81
595_test,9.61
596_test,10.65
597_test,12.55
598_test,3.7
599_test,7.48
600_test,67.28
601_test,10.42
602_test,-0.73
603_test,20.62
604_test,9.81
605_test,32.0
606_test,7.48
608_test,12.55
609_test,3.7
610_test,9.61
611_test,3.7
614_test,18.18
615_test,31.23
616_test,28.29
617_test,7.48
618_test,21.12
619_test,9.81
620_test,9.61
621_test,23.49
622_test,15.72
623_test,3.7
624_test,7.48
627_test,18.43
628_test,18.18
630_test,7.48
631_test,10.11
632_test,34.4
633_test,14.13
634_test,16.51
635_test,3.7
636_test,15.55
637_test,18.18
638_test,40.69
640_test,13.59
642_test,10.11
643_test,9.22
644_test,15.55
645_test,69.31
648_test,7.48
650_test,7.48
651_test,7.48
652_test,16.22
653_test,6.58
654_test,9.61
655_test,43.29
656_test,11.88
657_test,21.12
659_test,10.42
660_test,38.56
661_test,7.48
662_test,15.55
663_test,10.42
664_test,-0.14
665_test,10.11
666_test,3.7
667_test,7.48
668_test,15.55
670_test,13.36
671_test,41.88
672_test,12.55
673_test,7.48
674_test,3.64
675_test,9.81
676_test,7.48
677_test,3.11
678_test,3.11
679_test,7.48
680_test,7.48
681_test,88.27
682_test,77.71
684_test,11.78
686_test,3.7
687_test,18.72
688_test,7.48
689_test,7.48
690_test,0.51
691_test,7.48
692_test,7.48
693_test,18.49
694_test,3.64
695_test,12.55
696_test,10.42
697_test,7.48
699_test,6.28
700_test,29.45
701_test,67.87
702_test,-9.24
703_test,14.5
704_test,10.11
705_test,12.55
706_test,3.64
707_test,13.05
708_test,31.46
710_test,3.64
711_test,3.7
712_test,6.27
713_test,3.11
714_test,8.71
716_test,11.19
717_test,9.81
718_test,-0.73
719_test,3.64
720_test,6.81
721_test,6.27
723_test,9.61
724_test,39.3
726_test,15.55
727_test,24.29
729_test,3.11
730_test,10.11
731_test,6.64
732_test,38.99
733_test,18.49
734_test,13.41
735_test,3.64
736_test,7.48
739_test,3.64
740_test,10.65
742_test,7.48
743_test,7.48
744_test,12.55
745_test,35.85
747_test,32.52
748_test,15.55
750_test,9.61
751_test,12.55
752_test,10.65
753_test,7.48
754_test,3.11
755_test,55.15
756_test,7.48
757_test,7.48
758_test,7.48
759_test,85.33
760_test,18.49
762_test,12.55
763_test,13.59
764_test,10.42
765_test,10.42
766_test,10.11
767_test,3.11
768_test,7.48
769_test,10.11
770_test,3.64
771_test,12.55
773_test,38.21
774_test,1.32
775_test,43.29
776_test,-0.14
779_test,3.64
780_test,7.48
782_test,6.81
783_test,10.42
784_test,7.48
785_test,6.64
786_test,30.42
788_test,7.48
789_test,15.55
790_test,18.18
791_test,157.51
792_test,3.64
793_test,7.48
794_test,9.61
797_test,18.18
798_test,13.36
799_test,7.48
800_test,10.11
801_test,11.93
802_test,26.85
803_test,18.18
804_test,12.55
805_test,189.52
806_test,7.48
807_test,82.33
809_test,145.67
810_test,10.11
811_test,9.61
812_test,13.59
813_test,7.48
814_test,10.42
815_test,12.15
816_test,-0.14
817_test,-0.14
819_test,299.3
820_test,7.48
821_test,7.48
823_test,12.55
824_test,15.55
826_test,9.61
827_test,9.61
828_test,39.74
830_test,7.48
831_test,18.18
832_test,10.11
833_test,39.3
835_test,36.98
836_test,7.48
838_test,15.55
839_test,7.48
840_test,20.62
841_test,3.11
842_test,158.01
843_test,3.64
844_test,10.65
845_test,17.68
846_test,10.11
847_test,3.7
848_test,1.55
849_test,38.99
850_test,10.11
851_test,7.48
852_test,44.6
854_test,41.99
855_test,35.04
856_test,18.49
857_test,10.11
858_test,10.42
859_test,62.48
860_test,17.29
861_test,7.48
862_test,-5.4
863_test,20.62
864_test,6.58
865_test,6.64
866_test,13.36
867_test,3.11
868_test,10.65
869_test,1.32
870_test,13.91
871_test,73.42
872_test,18.18
873_test,7.48
875_test,3.64
876_test,11.78
877_test,15.55
878_test,20.62
880_test,7.48
881_test,11.19
882_test,20.01
883_test,20.62
884_test,3.7
885_test,9.61
886_test,6.58
887_test,7.48
888_test,44.71
889_test,7.48
890_test,10.42
893_test,12.55
894_test,7.48
895_test,12.55
896_test,9.61
897_test,15.55
898_test,12.55
899_test,7.48
900_test,10.11
901_test,17.68
902_test,18.18
903_test,3.64
904_test,12.55
905_test,23.1
906_test,12.55
907_test,7.48
908_test,3.64
910_test,7.48
911_test,3.11
912_test,6.28
913_test,37.11
914_test,10.11
915_test,15.55
916_test,20.01
917_test,10.65
918_test,7.48
919_test,7.48
920_test,2.21
921_test,9.61
922_test,0.65
923_test,7.48
924_test,3.11
925_test,331.06
926_test,9.61
927_test,7.48
928_test,10.42
929_test,-0.14
930_test,-0.14
931_test,7.48
932_test,7.48
933_test,12.55
934_test,3.64
935_test,100.46
936_test,20.36
937_test,9.22
938_test,0.51
939_test,11.78
941_test,18.18
942_test,17.68
944_test,15.55
945_test,3.11
946_test,7.48
947_test,6.87
948_test,28.98
949_test,9.61
950_test,7.48
951_test,79.65
952_test,9.61
953_test,20.55
954_test,3.64
955_test,27.39
957_test,5.77
958_test,3.64
959_test,3.45
963_test,31.46
964_test,104.12
965_test,17.68
966_test,18.49
967_test,31.23
968_test,10.42
969_test,3.11
971_test,9.61
972_test,14.13
973_test,3.64
974_test,12.46
975_test,7.48
976_test,7.48
977_test,10.11
978_test,3.7
979_test,7.48
980_test,7.48
981_test,3.64
983_test,15.55
984_test,13.59
985_test,27.31
986_test,10.65
988_test,3.11
989_test,10.65
990_test,9.61
992_test,18.18
994_test,3.64
995_test,3.7
997_test,10.65
998_test,18.49
999_test,10.65
1000_test,3.11
1001_test,15.55
1003_test,7.48
1004_test,7.48
1006_test,6.27
1007_test,3.64
1008_test,10.42
1009_test,7.48
1010_test,-5.4
1011_test,9.61
1013_test,8.71
1014_test,13.98
1016_test,7.48
1017_test,10.42
1018_test,20.01
1019_test,3.11
1021_test,10.11
1022_test,10.11
1023_test,27.89
1024_test,7.48
1025_test,10.42
1027_test,34.46
1028_test,7.48
1030_test,15.55
1031_test,7.48
1032_test,160.68
1033_test,10.11
1034_test,-0.14
1037_test,7.48
1039_test,31.46
1040_test,7.48
1041_test,10.42
1042_test,3.11
1043_test,13.59
1044_test,9.61
1045_test,31.46
1046_test,7.48
1049_test,7.48
1050_test,17.68
1051_test,12.55
1052_test,7.48
1053_test,7.48
1054_test,41.76
1055_test,21.12
1056_test,35.46
1057_test,9.61
1058_test,15.55
1059_test,7.48
1060_test,10.11
1061_test,10.11
1062_test,24.45
1063_test,7.48
1065_test,10.65
1066_test,13.36
1067_test,7.48
1068_test,6.27
1069_test,10.11
1071_test,5.77
1073_test,107.3
1074_test,3.7
1075_test,6.87
1076_test,7.48
1077_test,10.11
1078_test,7.48
1080_test,7.48
1081_test,3.7
1082_test,18.49
1083_test,16.22
1084_test,9.61
1085_test,15.55
1088_test,7.48
1091_test,10.65
1092_test,13.05
1093_test,9.61
1095_test,28.29
1096_test,6.87
1097_test,7.48
1100_test,21.12
1101_test,11.78
1102_test,17.68
1103_test,31.46
1106_test,3.64
1107_test,36.98
1108_test,7.48
1109_test,34.4
1110_test,12.55
1111_test,9.61
1112_test,7.48
1113_test,9.61
1114_test,9.81
1115_test,9.61
1116_test,3.7
1117_test,9.61
1118_test,7.48
1119_test,10.11
1120_test,18.49
1121_test,41.88
1123_test,51.37
1124_test,12.55
1125_test,12.78
1126_test,29.45
1127_test,6.81
1128_test,3.11
1129_test,11.71
1130_test,9.61
1131_test,9.61
1132_test,20.01
1133_test,11.71
1134_test,10.11
1135_test,15.72
1136_test,3.11
1137_test,10.11
1138_test,11.78
1139_test,9.61
1141_test,54.25
1142_test,6.27
1143_test,7.48
1144_test,7.48
1145_test,3.7
1146_test,9.22
1147_test,32.0
1149_test,10.11
1150_test,3.11
1151_test,5.77
1152_test,-0.14
1154_test,10.11
1155_test,-5.4
1156_test,9.61
1157_test,12.55
1158_test,9.61
1159_test,18.18
1160_test,15.55
1161_test,10.65
1164_test,10.11
1165_test,7.48
1166_test,40.95
1167_test,15.55
1168_test,9.61
1169_test,99.26
1171_test,10.65
1172_test,7.48
1173_test,11.19
1174_test,18.18
1176_test,10.11
1177_test,3.7
1178_test,151.61
1179_test,7.48
1180_test,12.55
1181_test,15.72
1182_test,3.11
1183_test,12.12
1184_test,13.59
1185_test,7.48
1186_test,3.95
1187_test,6.87
1188_test,10.65
1189_test,7.48
1190_test,381.13
1191_test,20.97
1192_test,7.48
1193_test,10.11
1194_test,10.42
1195_test,3.64
1198_test,10.11
1199_test,7.48
1200_test,62.48
1201_test,31.15
1202_test,12.52
1203_test,9.61
1204_test,10.65
1205_test,52.88
1206_test,15.55
1207_test,10.42
1208_test,16.22
1209_test,18.72
1211_test,15.55
1212_test,15.72
1213_test,3.11
1214_test,10.42
1215_test,7.48
1217_test,7.48
1218_test,7.48
1219_test,43.26
1220_test,3.64
1221_test,7.48
1223_test,25.08
1224_test,13.05
1225_test,85.33
1226_test,7.48
1227_test,3.64
1228_test,12.55
1229_test,3.11
1231_test,7.48
1232_test,20.62
1233_test,13.59
1234_test,3.11
1235_test,7.48
1236_test,3.64
1237_test,17.38
1238_test,-1.62
1239_test,7.48
1240_test,10.11
1241_test,3.64
1242_test,6.81
1243_test,27.68
1245_test,3.11
1246_test,7.48
1247_test,32.08
1248_test,17.75
1249_test,3.7
1250_test,17.68
1251_test,9.61
1252_test,9.61
1253_test,21.12
1254_test,3.64
1255_test,13.36
1256_test,34.46
1257_test,7.48
1258_test,15.55
1259_test,-0.14
1260_test,10.42
1262_test,-0.14
1263_test,18.18
1264_test,5.77
1266_test,9.61
1268_test,9.22
1269_test,63.42
1270_test,10.11
1271_test,10.11
1272_test,5.77
1273_test,7.48
1274_test,90.4
1275_test,-1.62
1276_test,-5.4
1277_test,20.67
1278_test,7.48
1279_test,10.11
1280_test,9.61
1281_test,7.48
1283_test,3.64
1284_test,7.48
1285_test,13.59
1286_test,3.64
1287_test,15.55
1288_test,36.53
1289_test,10.65
1290_test,10.11
1292_test,13.36
1293_test,43.89
1294_test,9.61
1297_test,17.68
1298_test,30.42
1299_test,27.45
1300_test,7.48
1301_test,7.48
1302_test,19.26
1303_test,10.65
1304_test,9.61
1305_test,5.77
1307_test,10.11
1308_test,9.61
1309_test,3.64
1312_test,7.48
1315_test,183.31
1316_test,7.48
1317_test,6.05
1318_test,17.38
1319_test,18.49
1320_test,-0.73
1321_test,16.3
1322_test,40.95
1323_test,12.55
1324_test,38.49
1325_test,79.39
1326_test,9.61
1327_test,10.11
1328_test,17.88
1329_test,10.11
1330_test,20.62
1332_test,13.59
1333_test,17.88
1334_test,10.42
1335_test,6.81
1336_test,6.87
1337_test,10.65
1338_test,3.64
1339_test,7.48
1340_test,7.48
1341_test,18.18
1342_test,566.51
1343_test,171.82
1345_test,69.81
1346_test,15.55
1347_test,7.48
1350_test,20.01
1351_test,3.11
1352_test,10.11
1353_test,10.42
1354_test,10.65
1355_test,11.78
1356_test,11.19
1357_test,75.55
1358_test,3.64
1359_test,31.23
1360_test,-0.14
1361_test,10.42
1362_test,17.68
1364_test,12.55
1365_test,17.38
1367_test,7.48
1369_test,10.42
1370_test,10.11
1371_test,38.49
1372_test,3.45
1373_test,10.11
1374_test,7.48
1375_test,7.48
1377_test,-0.14
1378_test,10.11
1380_test,10.42
1381_test,7.48
1382_test,18.49
1383_test,26.85
1384_test,7.48
1385_test,18.72
1386_test,20.62
1387_test,10.65
1388_test,54.94
1389_test,15.55
1390_test,13.05
1393_test,17.68
1394_test,10.42
1395_test,10.42
1396_test,10.42
1398_test,5.77
1400_test,3.7
1401_test,18.49
1402_test,10.11
1403_test,3.64
1404_test,7.48
1405_test,9.81
1406_test,11.78
1407_test,3.7
1408_test,10.42
1410_test,40.58
1411_test,12.55
1412_test,7.48
1413_test,6.28
1414_test,10.11
1415_test,6.27
1416_test,28.29
1417_test,44.93
1418_test,3.7
1419_test,36.36
1420_test,41.43
1421_test,36.36
1422_test,23.92
1424_test,10.42
1425_test,7.48
1426_test,3.64
1429_test,336.63
1431_test,41.66
1432_test,3.64
1433_test,70.65
1435_test,22.43
1437_test,54.94
1438_test,29.45
1439_test,9.0
1440_test,9.61
1441_test,31.23
1442_test,9.61
1443_test,3.7
1444_test,7.48
1445_test,12.55
1446_test,7.48
1447_test,11.78
1448_test,42.47
1449_test,12.55
1450_test,12.55
1451_test,9.22
1452_test,7.48
1453_test,3.7
1454_test,7.48
1455_test,13.36
1456_test,7.48
1457_test,7.48
1458_test,6.28
1459_test,5.77
1460_test,9.61
1461_test,12.55
1462_test,9.61
1463_test,7.48
1464_test,12.78
1465_test,16.22
1466_test,5.77
1468_test,27.68
1469_test,31.46
1471_test,7.48
1472_test,12.55
1473_test,21.12
1474_test,30.92
1475_test,7.48
1477_test,3.7
1478_test,7.48
1479_test,9.61
1480_test,7.48
1482_test,7.48
1483_test,11.78
1484_test,3.74
1485_test,5.77
1486_test,18.18
1487_test,10.11
1489_test,10.11
1490_test,36.53
1491_test,8.71
1493_test,7.48
1494_test,11.19
1495_test,10.42
1496_test,3.11
1497_test,3.11
1498_test,3.7
1499_test,13.05
1500_test,58.2
1501_test,12.55
1502_test,9.61
1503_test,7.48
1504_test,18.18
1505_test,488.93
1506_test,12.55
1507_test,12.55
1509_test,10.42
1510_test,12.18
1511_test,9.61
1513_test,6.87
1514_test,7.48
1515_test,85.33
1516_test,10.11
1518_test,47.06
1519_test,3.11
1520_test,7.48
1521_test,80.43
1522_test,9.61
1524_test,10.42
1526_test,20.62
1527_test,11.71
1528_test,7.48
1529_test,9.61
1530_test,42.47
1531_test,32.58
1532_test,5.77
1533_test,66.91
1534_test,18.49
1536_test,3.64
1537_test,6.27
1538_test,6.58
1539_test,7.48
1540_test,10.42
1541_test,15.55
1542_test,17.38
1544_test,6.87
1545_test,7.48
1546_test,10.65
1547_test,13.05
1549_test,7.48
1550_test,7.48
1551_test,3.7
1552_test,28.98
1553_test,7.48
1554_test,13.05
1555_test,17.68
1556_test,6.81
1557_test,28.29
1558_test,11.78
1559_test,17.68
1560_test,10.42
1561_test,15.55
1562_test,7.48
1563_test,7.48
1564_test,10.42
1565_test,7.48
1566_test,3.7
1567_test,15.55
1568_test,15.55
1569_test,9.61
1570_test,18.49
1571_test,17.68
1572_test,3.45
1573_test,10.11
1574_test,10.11
1575_test,7.48
1576_test,10.42
1577_test,7.48
1578_test,10.65
1579_test,3.11
1580_test,18.01
1581_test,7.48
1582_test,7.48
1583_test,7.48
1584_test,18.18
1585_test,25.55
1586_test,3.64
1589_test,44.71
1590_test,1.32
1591_test,41.99
1592_test,75.8
1593_test,29.45
1595_test,11.88
1596_test,6.27
1597_test,3.64
1599_test,10.65
1600_test,15.72
1602_test,3.11
1603_test,7.48
1604_test,114.33
1605_test,20.55
1606_test,7.48
1607_test,3.7
1608_test,33.36
1609_test,19.77
1610_test,9.22
1611_test,7.48
1612_test,7.48
1613_test,10.42
1614_test,10.11
1615_test,15.55
1616_test,36.08
1617_test,18.18
1618_test,7.48
1619_test,6.64
1620_test,-0.73
1621_test,44.3
1625_test,7.48
1628_test,18.72
1629_test,10.65
1630_test,15.72
1631_test,20.01
1633_test,3.11
1634_test,3.7
1635_test,31.46
1636_test,7.48
1637_test,10.42
1638_test,31.46
1639_test,10.11
1640_test,38.49
1641_test,7.48
1642_test,13.05
1643_test,7.48
1644_test,10.11
1645_test,7.48
1646_test,18.18
1647_test,7.48
1648_test,18.18
1649_test,3.7
1650_test,13.05
1651_test,15.55
1653_test,20.62
1654_test,13.36
1655_test,10.65
1656_test,3.64
1657_test,7.48
1658_test,7.48
1659_test,15.55
1660_test,7.48
1661_test,12.55
1662_test,3.7
1663_test,57.57
1664_test,6.27
1665_test,7.48
1666_test,10.42
1667_test,7.48
1668_test,3.7
1669_test,40.58
1670_test,9.61
1671_test,7.48
1672_test,7.48
1673_test,9.61
1674_test,16.22
1675_test,10.42
1676_test,24.51
1677_test,13.59
1678_test,12.55
1679_test,7.48
1680_test,14.71
1681_test,58.09
1682_test,18.49
1683_test,10.11
1684_test,7.48
1685_test,6.64
1686_test,6.81
1687_test,93.88
1689_test,17.68
1690_test,7.48
1691_test,34.4
1693_test,3.64
1694_test,3.7
1695_test,31.46
1696_test,7.48
1697_test,9.61
1698_test,10.65
1699_test,13.36
1701_test,31.46
1702_test,6.27
1703_test,10.11
1704_test,21.66
1705_test,24.51
1706_test,10.42
1707_test,13.59
1708_test,7.48
1709_test,12.55
1710_test,7.48
1711_test,39.3
1712_test,10.11
1713_test,7.48
1714_test,13.05
1715_test,18.18
1716_test,10.42
1717_test,34.93
1718_test,17.68
1719_test,36.36
1721_test,10.42
1722_test,7.48
1723_test,31.58
1724_test,18.18
1725_test,10.65
1726_test,17.66
1729_test,17.38
1731_test,3.64
1732_test,9.61
1733_test,7.48
1734_test,12.55
1735_test,-0.14
1736_test,10.11
1737_test,10.11
1738_test,6.81
1739_test,7.48
1740_test,7.48
1741_test,6.27
1742_test,3.7
1743_test,10.11
1744_test,7.48
1745_test,10.11
1747_test,18.18
1748_test,10.11
1749_test,29.45
1750_test,12.52
1751_test,10.42
1752_test,10.42
1753_test,7.48
1754_test,23.6
1755_test,7.48
1756_test,20.62
1757_test,-0.14
1758_test,15.55
1759_test,10.11
1760_test,7.48
1763_test,10.11
1764_test,15.72
1765_test,12.55
1766_test,5.77
1767_test,28.29
1768_test,3.11
1769_test,7.48
1770_test,36.36
1772_test,12.55
1774_test,-1.62
1775_test,39.3
1776_test,3.7
1778_test,31.46
1779_test,7.48
1780_test,18.49
1781_test,22.59
1782_test,15.72
1783_test,5.77
1785_test,15.55
1786_test,2.21
1787_test,38.82
1788_test,11.78
1789_test,10.65
1790_test,3.64
1792_test,7.48
1794_test,37.06
1795_test,6.05
1797_test,7.48
1798_test,13.05
1799_test,10.65
1800_test,9.61
1802_test,42.47
1803_test,54.25
1804_test,43.89
1805_test,10.42
1806_test,7.48
1807_test,15.72
1808_test,15.72
1809_test,10.11
1810_test,10.11
1811_test,3.11
1812_test,474.8
1813_test,9.61
1814_test,5.77
1815_test,10.42
1816_test,10.65
1817_test,6.87
1819_test,10.42
1821_test,9.61
1822_test,7.48
1823_test,7.48
1824_test,13.59
1825_test,-2.23
1826_test,-0.73
1827_test,7.48
1828_test,9.61
1829_test,7.48
1830_test,55.74
1831_test,3.11
1832_test,9.61
1833_test,7.48
1834_test,5.77
1836_test,28.29
1837_test,6.27
1838_test,38.82
1839_test,7.48
1840_test,10.11
1841_test,20.62
1842_test,67.71
1843_test,10.11
1844_test,9.58
1845_test,7.48
1846_test,15.55
1847_test,26.85
1848_test,-0.73
1849_test,-0.73
1850_test,21.66
1851_test,36.36
1852_test,6.58
1853_test,9.61
1854_test,7.48
1855_test,10.42
1856_test,10.42
1857_test,3.11
1858_test,11.19
1859_test,7.48
1860_test,47.65
1861_test,34.46
1862_test,7.48
1863_test,3.11
1864_test,29.04
1865_test,38.99
1866_test,54.86
1868_test,27.39
1869_test,10.11
1870_test,18.72
1871_test,11.93
1872_test,75.67
1874_test,17.68
1875_test,15.55
1876_test,15.55
1877_test,12.55
1878_test,15.99
1879_test,7.48
1880_test,52.82
1881_test,2.8
1882_test,11.1
1883_test,3.11
1886_test,-0.14
1887_test,9.21
1888_test,7.48
1889_test,31.46
1890_test,7.48
1891_test,31.46
1892_test,44.93
1893_test,23.6
1894_test,12.55
1895_test,10.11
1896_test,13.05
1897_test,3.64
1898_test,24.14
1900_test,3.7
1902_test,7.48
1903_test,12.55
1905_test,18.18
1906_test,3.7
1907_test,33.86
1908_test,12.55
1910_test,51.69
1911_test,15.55
1912_test,3.7
1913_test,7.48
1914_test,7.48
1915_test,3.7
1916_test,3.7
1917_test,18.72
1918_test,10.42
1919_test,8.71
1920_test,39.3
1921_test,5.77
1922_test,12.55
1923_test,7.48
1924_test,9.61
1926_test,7.48
1928_test,18.49
1929_test,45.47
1930_test,20.62
1931_test,3.64
1932_test,12.46
1933_test,18.18
1934_test,6.58
1935_test,10.65
1936_test,10.65
1937_test,6.27
1940_test,28.29
1941_test,5.77
1943_test,17.68
1944_test,10.65
1945_test,3.7
1946_test,13.59
1947_test,9.81
1948_test,3.11
1949_test,3.11
1950_test,6.27
1951_test,62.92
1952_test,7.48
1953_test,22.48
1954_test,18.49
1955_test,10.11
1956_test,-5.4
1957_test,3.64
1958_test,-0.14
1959_test,7.48
1960_test,10.11
1961_test,46.9
1962_test,10.11
1963_test,10.65
1964_test,7.48
1965_test,176.38
1966_test,7.48
1967_test,11.19
1968_test,7.48
1969_test,-5.4
1970_test,12.55
1971_test,163.86
1972_test,7.48
1973_test,114.33
1974_test,10.42
1975_test,20.32
1976_test,26.85
1977_test,20.62
1978_test,2.8
1979_test,6.28
1980_test,7.48
1981_test,3.11
1982_test,28.29
1983_test,15.72
1984_test,11.71
1985_test,24.45
1986_test,10.42
1987_test,3.7
1988_test,10.42
1989_test,10.11
1990_test,7.48
1991_test,10.42
1992_test,7.48
1993_test,55.15
1994_test,7.48
1995_test,6.58
1996_test,15.55
1997_test,12.55
1998_test,-0.73
1999_test,18.49
2000_test,17.68
2001_test,9.21
2002_test,7.48
2003_test,12.55
2004_test,3.7
2005_test,13.05
2006_test,12.55
2007_test,10.65
2008_test,71.58
2009_test,9.61
2010_test,15.55
2011_test,136.69
2012_test,90.4
2013_test,24.14
2014_test,20.62
2015_test,7.48
2016_test,12.55
2017_test,9.61
2018_test,10.42
2019_test,7.48
2020_test,7.48
2021_test,3.7
2022_test,6.58
2023_test,20.62
2025_test,36.36
2026_test,3.11
2027_test,64.33
2028_test,9.61
2029_test,10.42
2030_test,10.65
2031_test,18.49
2032_test,20.62
2033_test,7.48
2034_test,15.72
2035_test,8.71
2036_test,23.92
2037_test,9.61
2039_test,3.11
2040_test,5.77
2041_test,9.61
2042_test,21.12
2043_test,7.48
2044_test,7.48
2045_test,31.46
2046_test,31.46
2048_test,7.48
2049_test,9.61
2050_test,10.11
2051_test,-9.83
2052_test,31.46
2053_test,72.89
2054_test,7.48
2055_test,5.77
2056_test,9.61
2057_test,9.22
2058_test,10.42
2059_test,33.86
2060_test,9.61
2061_test,10.11
2062_test,14.88
2063_test,10.42
2064_test,18.49
2065_test,9.61
2066_test,18.93
2067_test,7.48
2068_test,10.42
2069_test,18.18
2070_test,18.72
2071_test,15.55
2072_test,26.58
2074_test,10.11
2075_test,10.42
2076_test,12.55
2077_test,83.78
2078_test,3.11
2080_test,7.48
2081_test,3.11
2082_test,18.18
2083_test,12.55
2084_test,11.78
2085_test,38.49
2087_test,15.55
2088_test,18.18
2089_test,13.36
2090_test,13.36
2091_test,9.61
2092_test,15.55
2093_test,10.42
2094_test,6.28
2095_test,39.3
2096_test,3.11
2097_test,3.7
2098_test,38.49
2099_test,18.18
2100_test,7.48
2101_test,6.27
2102_test,-0.14
2103_test,13.05
2104_test,10.11
2105_test,6.28
2106_test,10.65
2107_test,47.56
2108_test,40.32
2109_test,13.36
2110_test,6.27
2111_test,7.48
2112_test,29.45
2113_test,9.61
2114_test,3.64
2115_test,9.81
2116_test,104.7
2117_test,10.42
2118_test,7.48
2119_test,47.58
2120_test,36.36
2121_test,-0.73
2124_test,7.48
2125_test,3.7
2126_test,10.42
2127_test,3.7
2128_test,36.36
2129_test,10.42
2130_test,15.55
2131_test,10.42
2132_test,28.98
2133_test,3.64
2134_test,6.05
2135_test,18.18
2136_test,38.49
2137_test,3.11
2138_test,6.81
2139_test,15.72
2140_test,7.48
2141_test,12.55
2142_test,38.82
2143_test,3.11
2144_test,7.48
2146_test,7.48
2147_test,24.45
2148_test,-0.14
2149_test,9.61
2150_test,7.48
2151_test,7.48
2152_test,9.61
2153_test,10.11
2154_test,30.42
2155_test,12.55
2156_test,154.77
2157_test,7.48
2158_test,7.48
2159_test,9.61
2160_test,38.49
2161_test,7.48
2162_test,7.48
2163_test,7.48
2164_test,7.48
2165_test,14.71
2166_test,7.48
2167_test,7.48
2168_test,43.89
2169_test,132.7
2170_test,11.19
2171_test,9.61
2172_test,10.42
2173_test,3.11
2175_test,7.48
2176_test,5.97
2177_test,5.77
2178_test,13.91
2179_test,13.59
2180_test,10.11
2181_test,10.65
2182_test,10.42
2183_test,9.61
2184_test,9.61
2185_test,10.42
2186_test,10.42
2188_test,3.64
2189_test,7.48
2190_test,3.11
2191_test,6.27
2192_test,3.11
2193_test,194.8
2194_test,174.41
2195_test,10.65
2196_test,-0.73
2197_test,10.65
2198_test,104.23
2199_test,15.55
2200_test,7.48
2201_test,20.62
2202_test,31.46
2203_test,9.22
2205_test,11.59
2206_test,9.61
2207_test,15.55
2208_test,9.61
2209_test,-0.14
2210_test,10.11
2212_test,9.61
2213_test,7.48
2214_test,10.65
2215_test,10.65
2216_test,38.49
2218_test,10.11
2219_test,7.48
2221_test,10.11
2222_test,7.48
2223_test,3.7
2224_test,38.99
2226_test,10.11
2227_test,9.61
2229_test,34.78
2230_test,26.85
2231_test,3.64
2232_test,7.48
2233_test,7.48
2234_test,13.05
2235_test,7.48
2236_test,10.65
2237_test,7.48
2238_test,25.61
2239_test,15.55
2240_test,15.55
2241_test,7.48
2242_test,23.07
2243_test,29.45
2244_test,12.55
2245_test,7.48
2246_test,12.55
2247_test,10.42
2249_test,7.48
2250_test,10.42
2251_test,7.48
2252_test,10.42
2253_test,7.48
2254_test,3.11
2256_test,6.27
2257_test,10.42
2258_test,1.96
2259_test,17.68
2260_test,7.48
2261_test,3.7
2262_test,7.48
2263_test,6.28
2264_test,11.78
2265_test,36.36
2266_test,15.55
2267_test,3.7
2268_test,13.05
2269_test,10.11
2270_test,6.87
2272_test,20.36
2273_test,10.11
2274_test,18.18
2276_test,9.61
2277_test,15.55
2278_test,10.42
2279_test,7.48
2280_test,9.61
2281_test,7.48
2282_test,10.11
2283_test,7.48
2284_test,15.55
2285_test,24.45
2286_test,17.68
2287_test,3.7
2288_test,12.55
2289_test,3.7
2290_test,7.48
2291_test,17.29
2292_test,10.11
2293_test,3.7
2294_test,3.11
2295_test,3.11
2296_test,27.39
2297_test,10.42
2298_test,25.76
2299_test,17.68
2300_test,2.8
2301_test,27.89
2302_test,8.71
2303_test,7.48
2305_test,10.42
2306_test,24.51
2307_test,18.49
2308_test,11.19
2309_test,9.81
2310_test,26.85
2312_test,9.61
2313_test,20.01
2314_test,11.19
2315_test,7.48
2316_test,10.42
2318_test,37.11
2319_test,10.42
2321_test,12.55
2322_test,-0.73
2323_test,10.42
2325_test,73.71
2326_test,39.3
2327_test,21.12
2328_test,41.43
2329_test,15.55
2330_test,3.64
2331_test,7.48
2332_test,7.48
2334_test,-0.14
2335_test,6.64
2336_test,20.01
2338_test,3.64
2339_test,7.48
2340_test,-0.14
2341_test,12.55
2342_test,17.75
2343_test,12.55
2344_test,6.87
2345_test,-0.14
2346_test,-0.14
2347_test,7.48
2348_test,7.48
2349_test,36.36
2350_test,7.48
2352_test,36.36
2353_test,9.61
2354_test,86.69
2355_test,18.18
2356_test,41.76
2357_test,29.45
2358_test,20.62
2359_test,7.48
2360_test,34.4
2361_test,20.85
2362_test,3.64
2363_test,9.61
2364_test,36.36
2365_test,7.48
2366_test,10.11
2367_test,7.48
2368_test,10.11
2369_test,3.7
2370_test,174.41
2371_test,3.64
2372_test,36.36
2373_test,13.05
2374_test,17.68
2376_test,38.49
2377_test,7.48
2378_test,18.49
2379_test,7.48
2380_test,3.11
2381_test,17.68
2382_test,7.48
2383_test,18.49
2384_test,-9.24
2385_test,24.29
2386_test,32.08
2387_test,12.12
2388_test,13.36
2389_test,7.48
2391_test,10.11
2392_test,7.48
2393_test,7.48
2394_test,10.11
2395_test,10.42
2396_test,3.64
2397_test,13.36
2398_test,6.64
2399_test,20.01
2400_test,3.7
2401_test,7.48
2403_test,24.14
2404_test,12.55
2405_test,191.86
2406_test,12.55
2407_test,7.48
2408_test,10.11
2409_test,10.11
2410_test,7.48
2412_test,10.42
2413_test,16.6
2414_test,3.64
2415_test,31.46
2416_test,31.68
2417_test,19.77
2418_test,12.55
2419_test,10.42
2420_test,7.48
2421_test,3.7
2422_test,85.99
2423_test,7.48
2424_test,7.48
2425_test,3.64
2426_test,9.61
2427_test,3.64
2428_test,31.46
2429_test,10.11
2430_test,3.64
2431_test,10.42
2432_test,9.61
2433_test,7.48
2434_test,7.48
2436_test,10.11
2437_test,10.42
2438_test,20.62
2439_test,13.59
2440_test,38.82
2441_test,3.11
2443_test,7.48
2444_test,45.1
2445_test,15.55
2447_test,50.25
2448_test,13.59
2449_test,6.27
2450_test,7.48
2451_test,3.64
2452_test,7.48
2453_test,13.59
2454_test,43.88
2455_test,7.48
2456_test,9.81
2457_test,7.48
2458_test,3.64
2459_test,7.48
2460_test,7.48
2461_test,28.98
2462_test,6.64
2463_test,9.61
2464_test,3.64
2465_test,28.43
2466_test,10.42
2467_test,10.11
2468_test,47.06
2469_test,10.65
2470_test,3.11
2472_test,13.36
2473_test,40.95
2474_test,7.48
2475_test,7.48
2476_test,5.77
2477_test,10.11
2478_test,7.48
2479_test,9.61
2481_test,3.7
2482_test,6.64
2483_test,15.55
2484_test,40.58
2485_test,10.11
2486_test,21.12
2487_test,3.11
2488_test,10.11
2489_test,10.11
2490_test,31.58
2491_test,10.42
2492_test,37.11
2493_test,32.0
2494_test,17.68
2495_test,7.48
2496_test,3.11
2498_test,9.61
2499_test,7.48
2500_test,10.11
2501_test,12.55
2502_test,3.11
2503_test,39.71
2504_test,23.92
2505_test,10.11
2506_test,7.48
2507_test,80.43
2509_test,20.62
2510_test,3.7
2511_test,15.55
2512_test,18.18
2513_test,10.11
2514_test,7.48
2515_test,43.29
2516_test,13.36
2518_test,18.49
2519_test,21.12
2520_test,83.36
2521_test,7.48
2522_test,-1.62
2523_test,7.48
2524_test,31.46
2525_test,3.64
2526_test,28.43
2527_test,7.48
2528_test,7.48
2529_test,3.11
2530_test,19.88
2531_test,6.64
2532_test,38.82
2533_test,12.55
2534_test,10.11
2535_test,-0.73
2536_test,7.48
2537_test,7.48
2538_test,179.1
2539_test,10.65
2540_test,20.62
2541_test,44.93
2542_test,38.49
2543_test,18.49
2544_test,7.48
2546_test,10.65
2547_test,-0.73
2548_test,3.7
2550_test,7.48
2551_test,15.12
2552_test,3.03
2553_test,49.84
2554_test,9.61
2556_test,11.71
2557_test,38.21
2558_test,7.48
2559_test,12.55
2560_test,227.15
2561_test,9.61
2562_test,41.43
2563_test,9.61
2564_test,13.59
2565_test,3.64
2566_test,3.11
2567_test,18.18
2568_test,3.7
2569_test,7.48
2570_test,-0.14
2571_test,3.11
2572_test,12.55
2573_test,10.65
2574_test,7.48
2575_test,7.48
2576_test,7.48
2577_test,9.81
2578_test,7.48
2579_test,-0.14
2580_test,20.62
2581_test,10.65
2582_test,15.81
2583_test,15.55
2584_test,10.42
2585_test,15.55
2586_test,7.48
2587_test,7.48
2588_test,-0.73
2589_test,7.48
2591_test,31.23
2592_test,27.39
2593_test,10.42
2594_test,10.11
2595_test,3.7
2596_test,10.42
2597_test,13.59
2598_test,9.61
2600_test,7.48
2601_test,3.11
2602_test,10.11
2603_test,13.59
2604_test,7.48
2605_test,83.29
2606_test,7.48
2607_test,11.78
2608_test,12.55
2609_test,5.77
2610_test,20.62
2611_test,12.55
2612_test,465.89
2613_test,10.42
2614_test,10.65
2615_test,18.18
2616_test,3.7
2617_test,17.07
2618_test,15.06
2619_test,7.48
2620_test,10.11
2621_test,7.48
2623_test,7.48
2624_test,6.27
2626_test,73.71
2627_test,11.78
2628_test,3.11
2629_test,7.48
2630_test,7.48
2631_test,15.55
2632_test,161.27
2633_test,20.62
2634_test,-0.14
2635_test,18.18
2636_test,9.61
2637_test,12.55
2638_test,12.55
2640_test,3.7
2641_test,3.7
2642_test,10.42
2643_test,7.48
2644_test,31.46
2645_test,20.62
2646_test,10.65
2648_test,7.48
2649_test,3.11
2650_test,23.1
2651_test,7.48
2652_test,7.48
2653_test,10.11
2654_test,10.65
2655_test,3.7
2656_test,3.64
2657_test,13.05
2658_test,-0.73
2660_test,7.48
2661_test,7.48
2662_test,17.38
2663_test,7.48
2664_test,7.48
2665_test,7.48
2666_test,9.61
2667_test,10.42
2668_test,6.64
2669_test,3.64
2670_test,196.66
2671_test,9.61
2672_test,-0.14
2674_test,265.36
2675_test,3.11
2676_test,10.42
2677_test,6.05
2678_test,7.48
2679_test,7.48
2680_test,3.64
2681_test,3.64
2683_test,13.05
2684_test,857.4
2685_test,14.34
2686_test,20.62
2687_test,3.7
2688_test,7.48
2689_test,20.97
2690_test,10.42
2691_test,3.7
2692_test,3.64
2693_test,5.77
2694_test,9.61
2695_test,3.11
2696_test,15.55
2698_test,12.78
2699_test,7.48
2700_test,25.76
2702_test,3.64
2703_test,3.45
2704_test,3.64
2705_test,9.22
2706_test,7.48
2707_test,10.42
2708_test,12.55
2709_test,9.61
2710_test,3.7
2711_test,3.11
2712_test,3.11
2713_test,6.27
2714_test,7.48
2715_test,85.33
2716_test,17.68
2717_test,10.42
2718_test,15.55
2720_test,28.98
2721_test,24.14
2722_test,10.42
2723_test,7.48
2724_test,41.76
2725_test,3.11
2726_test,10.65
2727_test,10.11
2728_test,9.61
2729_test,10.11
2730_test,44.71
2731_test,13.36
2732_test,7.48
2733_test,7.48
2734_test,31.41
2735_test,18.49
2737_test,3.64
2738_test,10.42
2740_test,3.64
2741_test,7.48
2743_test,19.66
2744_test,18.18
2745_test,3.7
2746_test,7.48
2747_test,-0.14
2748_test,10.11
2749_test,33.36
2750_test,11.93
2751_test,10.11
2752_test,13.59
2753_test,6.05
2754_test,7.48
2755_test,3.11
2756_test,7.48
2757_test,9.61
2758_test,-0.14
2759_test,3.64
2761_test,32.0
2762_test,6.81
2763_test,3.7
2764_test,17.68
2765_test,34.93
2766_test,10.11
2767_test,132.7
2768_test,-0.14
2769_test,7.48
2770_test,10.11
2771_test,12.55
2772_test,10.65
2773_test,12.55
2774_test,7.48
2775_test,3.64
2776_test,17.68
2777_test,7.48
2778_test,10.11
2779_test,12.55
2781_test,9.81
2782_test,17.68
2783_test,9.61
2784_test,3.7
2785_test,6.05
2786_test,6.64
2787_test,9.61
2788_test,7.48
2789_test,7.48
2790_test,7.48
2791_test,13.05
2792_test,7.48
2793_test,17.88
2795_test,13.05
2796_test,6.81
2797_test,18.18
2798_test,12.52
2799_test,10.65
2800_test,10.11
2801_test,7.48
2802_test,7.48
2803_test,7.48
2804_test,227.15
2805_test,3.64
2806_test,3.7
2807_test,38.99
2808_test,2.8
2809_test,10.11
2810_test,28.29
2811_test,92.26
2812_test,20.3
2813_test,12.55
2814_test,10.42
2815_test,34.93
2816_test,10.42
2818_test,20.62
2819_test,7.48
2820_test,7.48
2821_test,41.16
2822_test,12.55
2823_test,10.42
2824_test,3.7
2826_test,10.11
2827_test,15.55
2828_test,3.7
2829_test,3.64
2830_test,13.36
2831_test,5.77
2832_test,10.11
2833_test,18.72
2835_test,38.82
2836_test,6.81
2837_test,7.48
2838_test,5.77
2839_test,3.11
2840_test,3.11
2841_test,194.8
2842_test,10.42
2844_test,20.01
2845_test,9.61
2846_test,10.65
2848_test,7.48
2849_test,38.82
2850_test,9.21
2851_test,327.28
2852_test,3.7
2853_test,15.55
2854_test,15.55
2855_test,7.48
2856_test,7.48
2857_test,15.55
2858_test,5.77
2859_test,39.3
2860_test,268.42
2861_test,15.96
2862_test,-0.14
2863_test,6.27
2864_test,3.7
2865_test,61.03
2866_test,26.58
2868_test,7.48
2869_test,3.03
2870_test,28.29
2871_test,12.55
2872_test,12.55
2873_test,10.11
2874_test,6.27
2875_test,7.48
2876_test,29.92
2877_test,114.71
2878_test,7.48
2879_test,7.48
2880_test,3.7
2881_test,10.11
2882_test,112.43
2883_test,96.63
2884_test,6.87
2885_test,10.11
2886_test,21.12
2887_test,7.48
2888_test,10.11
2889_test,31.23
2890_test,34.4
2891_test,18.18
2892_test,9.61
2893_test,6.81
2894_test,36.36
2895_test,3.11
2897_test,7.48
2899_test,71.58
2900_test,7.48
2902_test,34.4
2903_test,38.56
2904_test,13.59
2905_test,9.61
2906_test,16.22
2907_test,7.48
2908_test,18.18
2909_test,78.35
2910_test,-0.14
2912_test,10.65
2913_test,7.48
2914_test,10.42
2915_test,18.49
2916_test,31.46
2917_test,26.77
2918_test,12.55
2919_test,26.85
2920_test,9.61
2921_test,7.48
2922_test,3.7
2923_test,10.65
2924_test,10.11
2925_test,9.22
2926_test,10.11
2927_test,9.61
2928_test,3.95
2929_test,9.61
2930_test,9.61
2931_test,3.64
2932_test,6.05
2933_test,3.64
2934_test,-1.62
2935_test,3.11
2936_test,7.48
2937_test,7.48
2938_test,40.95
2939_test,71.58
2940_test,10.65
2941_test,12.55
2942_test,9.81
2943_test,10.11
2944_test,16.22
2945_test,7.48
2946_test,9.61
2947_test,15.55
2948_test,10.11
2949_test,3.11
2950_test,47.66
2951_test,7.48
2952_test,7.48
2953_test,17.75
2954_test,31.46
2955_test,34.93
2956_test,15.55
2957_test,10.42
2958_test,3.7
2959_test,17.38
2960_test,52.88
2961_test,10.11
2962_test,7.48
2963_test,162.71
2964_test,3.7
2965_test,80.2
2966_test,3.64
2967_test,40.95
2968_test,39.3
2969_test,23.92
2970_test,31.46
2971_test,10.11
2972_test,10.42
2973_test,9.61
2974_test,10.42
2975_test,13.59
2976_test,10.11
2977_test,17.68
2978_test,3.64
2979_test,12.55
2980_test,10.11
2981_test,18.49
2982_test,7.48
2983_test,51.37
2984_test,16.3
2985_test,7.48
2986_test,12.55
2988_test,7.48
2989_test,7.48
2990_test,114.71
2991_test,13.59
2992_test,21.24
2993_test,3.7
2994_test,10.11
2995_test,9.61
2996_test,34.46
2998_test,12.55
2999_test,19.51
3000_test,10.11
3001_test,3.7
3002_test,267.95
3003_test,3.64
3004_test,41.15
3005_test,3.11
3006_test,3.11
3007_test,9.61
3008_test,25.55
3009_test,189.9
3010_test,20.62
3011_test,9.22
3012_test,7.48
3013_test,7.48
3014_test,10.11
3015_test,6.87
3016_test,7.48
3017_test,28.29
3018_test,17.29
3019_test,124.24
3020_test,7.48
3021_test,6.27
3022_test,-0.73
3023_test,10.11
3024_test,7.48
3025_test,15.55
3026_test,7.48
3027_test,18.49
3028_test,7.48
3029_test,31.46
3030_test,3.64
3031_test,11.19
3032_test,9.61
3033_test,6.81
3034_test,15.55
3035_test,10.42
3036_test,12.55
3037_test,43.89
3038_test,17.68
3039_test,7.48
3040_test,3.7
3041_test,32.58
3042_test,7.48
3043_test,9.61
3044_test,9.61
3045_test,10.11
3046_test,33.86
3047_test,7.48
3048_test,25.61
3049_test,10.42
3050_test,40.58
3051_test,3.11
3052_test,10.42
3053_test,7.48
3054_test,1.32
3055_test,38.19
3056_test,3.7
3057_test,-0.14
3058_test,7.48
3059_test,13.59
3060_test,10.42
3061_test,7.48
3062_test,8.71
3063_test,20.97
3064_test,7.48
3065_test,7.48
3066_test,16.22
3067_test,81.84
3068_test,9.61
3069_test,9.61
3070_test,8.34
3071_test,41.76
3072_test,18.18
3073_test,10.11
3074_test,3.11
3075_test,3.03
3076_test,7.48
3077_test,15.55
3078_test,10.11
3079_test,7.48
3080_test,40.95
3081_test,17.68
3082_test,10.11
3083_test,7.48
3084_test,10.11
3085_test,7.48
3086_test,9.61
3087_test,18.49
3088_test,28.43
3089_test,9.52
3090_test,39.3
3091_test,7.48
3092_test,3.64
3093_test,10.42
3094_test,7.48
3095_test,7.48
3096_test,18.72
3097_test,9.61
3098_test,7.48
3099_test,6.58
3100_test,60.32
3101_test,7.48
3102_test,7.48
3103_test,7.48
3104_test,7.48
3105_test,5.77
3106_test,28.29
3107_test,7.48
3108_test,15.55
3109_test,7.48
3110_test,9.61
3111_test,7.48
3112_test,13.05
3113_test,27.01
3114_test,20.62
3115_test,3.11
3116_test,7.48
3117_test,10.11
3118_test,7.48
3119_test,15.96
3120_test,20.62
3121_test,5.77
3122_test,3.64
3123_test,41.43
3124_test,15.55
3125_test,20.85
3126_test,3.11
3127_test,6.27
3128_test,155.38
3129_test,3.64
3130_test,9.61
3131_test,7.48
3132_test,7.48
3133_test,9.61
3134_test,3.64
3135_test,6.64
3136_test,16.22
3137_test,3.11
3138_test,12.55
3139_test,10.65
3140_test,15.55
3141_test,9.61
3142_test,3.7
3144_test,10.42
3145_test,6.87
3146_test,10.11
3147_test,15.55
3148_test,7.48
3149_test,10.11
3150_test,10.65
3151_test,20.62
3152_test,5.77
3153_test,3.64
3154_test,15.72
3155_test,23.92
3156_test,20.62
3157_test,6.87
3158_test,18.18
3159_test,6.28
3160_test,13.59
3161_test,6.87
3162_test,17.68
3163_test,18.72
3164_test,6.58
3165_test,21.12
3166_test,10.42
3167_test,7.48
3168_test,12.55
3170_test,9.61
3171_test,7.48
3172_test,10.42
3173_test,10.42
3174_test,17.68
3175_test,3.03
3176_test,7.48
3177_test,18.18
3178_test,31.23
3179_test,12.55
3180_test,7.48
3181_test,10.65
3182_test,9.22
3183_test,5.77
3184_test,7.48
3185_test,15.55
3186_test,10.65
3187_test,18.72
3188_test,7.48
3189_test,26.85
3190_test,75.87
3191_test,7.48
3192_test,9.22
3193_test,-0.14
3195_test,18.18
3196_test,10.42
3197_test,5.77
3198_test,21.53
3199_test,7.48
3200_test,83.11
3201_test,9.61
3202_test,3.11
3203_test,9.61
3204_test,18.18
3205_test,174.41
3206_test,7.48
3207_test,34.41
3208_test,7.48
3209_test,1.32
3210_test,7.48
3211_test,7.48
3212_test,12.55
3213_test,7.48
3214_test,13.59
3215_test,7.48
3216_test,10.42
3217_test,10.42
3218_test,10.11
3219_test,7.48
3220_test,12.55
3221_test,15.55
3222_test,34.34
3223_test,17.68
3224_test,10.42
3225_test,10.42
3226_test,9.61
3227_test,7.48
3228_test,7.48
3229_test,17.68
3230_test,10.11
3231_test,10.42
3232_test,3.11
3233_test,83.73
3234_test,75.55
3235_test,12.55
3236_test,15.09
3237_test,10.42
3238_test,3.64
3239_test,36.36
3240_test,3.7
3241_test,7.48
3242_test,17.68
3243_test,15.55
3244_test,3.64
3245_test,13.36
3246_test,13.02
3247_test,17.38
3248_test,10.11
3249_test,12.55
3250_test,31.46
3251_test,16.22
3252_test,12.52
3253_test,6.27
3254_test,6.27
3255_test,10.11
3256_test,13.05
3257_test,6.27
3258_test,38.49
3259_test,3.11
3260_test,31.46
3261_test,18.49
3262_test,9.61
3263_test,15.55
3264_test,13.05
3265_test,10.11
3266_test,18.72
3267_test,19.51
3268_test,162.65
3269_test,9.61
3270_test,31.41
3271_test,6.64
3272_test,102.98
3273_test,3.64
3274_test,30.42
3275_test,7.48
3276_test,12.55
3277_test,13.05
3278_test,7.48
3279_test,7.48
3280_test,3.64
3281_test,15.55
3282_test,7.48
3283_test,3.64
3284_test,10.65
3285_test,15.55
3286_test,7.48
3287_test,90.4
3288_test,7.48
3289_test,15.55
3290_test,7.48
3291_test,3.7
3292_test,227.15
3293_test,7.48
3294_test,13.05
3295_test,19.88
3296_test,13.59
3297_test,7.48
3298_test,41.43
3299_test,6.58
3300_test,10.42
3301_test,20.62
3302_test,16.51
3303_test,3.64
3304_test,7.48
3305_test,7.48
3306_test,13.59
3307_test,9.61
3308_test,3.7
3309_test,7.48
3310_test,5.77
3311_test,6.87
3312_test,10.65
3314_test,7.48
3315_test,80.1
3316_test,10.65
3317_test,5.77
3318_test,10.11
3319_test,38.99
3320_test,3.64
3321_test,-0.73
3322_test,14.5
3323_test,9.61
3324_test,3.7
3325_test,18.18
3326_test,10.65
3327_test,18.72
3328_test,31.23
3329_test,65.74
3330_test,7.48
3331_test,38.82
3332_test,27.45
3333_test,12.55
3334_test,13.98
3335_test,10.65
3336_test,3.7
3337_test,15.55
3338_test,19.77
3339_test,7.48
3340_test,7.48
3341_test,10.42
3342_test,7.48
3343_test,18.18
3344_test,6.05
3345_test,3.11
3346_test,5.77
3347_test,14.34
3348_test,10.65
3349_test,5.77
3350_test,3.64
3351_test,5.77
3352_test,-0.73
3353_test,7.48
3354_test,10.11
3355_test,3.7
3356_test,39.3
3357_test,7.48
3358_test,8.71
3359_test,151.77
3360_test,17.38
3361_test,20.62
3362_test,13.05
3363_test,17.68
3364_test,7.48
3365_test,10.42
3366_test,39.53
3367_test,8.71
3368_test,15.55
3369_test,12.55
3370_test,13.05
3371_test,12.55
3372_test,7.48
3373_test,5.77
3374_test,52.88
3375_test,9.61
3376_test,3.64
3377_test,10.65
3378_test,44.93
3379_test,10.42
3380_test,283.06
3381_test,7.48
3382_test,3.64
3383_test,6.27
3384_test,20.62
3385_test,7.48
3386_test,1.32
3387_test,7.48
3388_test,15.72
3389_test,38.49
3390_test,7.48
3391_test,47.66
3392_test,39.42
3393_test,9.61
3394_test,10.65
3395_test,20.62
3396_test,20.62
3397_test,10.11
3398_test,47.66
3399_test,10.65
3400_test,9.61
3401_test,13.05
3402_test,6.58
3403_test,3.64
3404_test,10.11
3405_test,23.49
3406_test,7.48
3407_test,31.46
3408_test,13.05
3409_test,9.81
3410_test,3.7
3411_test,12.18
3412_test,15.06
3413_test,3.7
3414_test,10.11
3415_test,36.36
3416_test,7.48
3417_test,7.48
3418_test,18.18
3420_test,10.11
3421_test,10.11
3422_test,32.0
3423_test,10.42
3424_test,15.72
3425_test,7.48
3426_test,7.48
3427_test,9.61
3428_test,41.43
3429_test,10.42
3430_test,11.78
3431_test,7.48
3432_test,5.77
3433_test,10.11
3434_test,9.61
3435_test,13.36
3436_test,5.75
3437_test,10.65
3438_test,3.64
3439_test,15.55
3440_test,36.53
3441_test,10.11
3442_test,3.7
3443_test,30.02
3444_test,5.77
3445_test,20.62
3446_test,6.58
3447_test,36.36
3449_test,10.42
3450_test,12.55
3451_test,12.55
3452_test,7.48
3453_test,10.11
3454_test,15.55
3455_test,10.42
3456_test,23.07
3457_test,3.11
3458_test,96.63
3459_test,-0.73
3460_test,7.48
3461_test,13.28
3462_test,10.65
3463_test,10.11
3464_test,87.79
3465_test,10.65
3466_test,10.11
3467_test,14.94
3468_test,12.55
3469_test,6.87
3470_test,3.64
3471_test,7.48
3472_test,31.46
3473_test,17.19
3474_test,10.65
3475_test,9.61
3476_test,7.48
3477_test,20.32
3478_test,7.48
3479_test,9.61
3480_test,17.68
3481_test,3.64
3482_test,23.6
3483_test,7.48
3484_test,9.61
3485_test,3.64
3486_test,12.55
3487_test,7.35
3488_test,10.11
3489_test,7.48
3490_test,28.29
3491_test,3.64
3492_test,18.72
3493_test,7.48
3494_test,17.68
3495_test,43.88
3496_test,3.11
3497_test,20.62
3498_test,6.87
3499_test,7.48
3500_test,6.87
3501_test,3.7
3502_test,7.48
3503_test,31.46
3504_test,10.65
3505_test,11.19
3506_test,10.42
3507_test,10.42
3508_test,31.17
3509_test,15.55
3510_test,7.48
3511_test,3.7
3512_test,15.55
3513_test,10.11
3514_test,138.64
3515_test,9.61
3516_test,7.48
3517_test,7.48
3518_test,10.11
3519_test,15.55
3520_test,34.34
3521_test,6.05
3522_test,12.55
3523_test,27.68
3524_test,82.33
3525_test,10.42
3526_test,7.48
3527_test,10.11
3528_test,3.11
3529_test,15.55
3530_test,26.58
3531_test,7.48
3532_test,154.1
3533_test,7.48
3534_test,41.76
3535_test,7.48
3536_test,77.26
3537_test,3.7
3538_test,15.55
3539_test,9.61
3540_test,92.76
3541_test,18.49
3542_test,17.68
3543_test,13.05
3544_test,6.64
3545_test,17.68
3546_test,17.38
3547_test,10.11
3548_test,10.11
3549_test,7.48
3550_test,3.64
3551_test,10.11
3552_test,33.36
3553_test,9.61
3554_test,18.72
3555_test,24.03
3556_test,3.11
3557_test,31.46
3558_test,3.7
3559_test,88.55
3560_test,-0.14
3561_test,10.11
3562_test,10.42
3563_test,7.48
3564_test,15.55
3565_test,-0.73
3566_test,10.11
3567_test,20.62
3568_test,7.48
3569_test,1.32
3570_test,3.7
3571_test,30.42
3573_test,-0.14
3574_test,10.11
3575_test,7.48
3576_test,13.05
3577_test,5.77
3578_test,9.61
3579_test,7.48
3580_test,13.02
3581_test,7.48
3582_test,336.63
3583_test,3.64
3584_test,9.61
3585_test,11.19
3586_test,10.11
3587_test,3.64
3588_test,17.68
3589_test,6.28
3590_test,7.48
3591_test,12.55
3592_test,9.61
3593_test,8.71
3594_test,16.22
3595_test,37.59
3596_test,18.18
3597_test,9.61
3598_test,15.55
3599_test,10.11
3600_test,39.3
3601_test,5.77
3602_test,10.11
3603_test,3.11
3604_test,10.65
3605_test,3.64
3606_test,6.27
3607_test,36.36
3608_test,17.75
3609_test,7.48
3610_test,10.11
3611_test,13.05
3612_test,18.18
3613_test,7.48
3614_test,31.46
3615_test,3.7
3616_test,3.11
3617_test,10.11
3618_test,6.81
3619_test,10.11
3620_test,40.58
3621_test,7.48
3622_test,10.42
3623_test,12.55
3624_test,-0.14
3625_test,41.93
3626_test,10.42
3627_test,3.11
3628_test,3.64
3629_test,7.48
3630_test,9.61
3631_test,18.18
3632_test,7.48
3633_test,13.59
3634_test,10.42
3635_test,31.23
3636_test,17.68
3637_test,10.42
3638_test,7.48
3639_test,7.48
3640_test,7.94
3641_test,10.11
3642_test,3.11
3643_test,10.11
3644_test,13.84
3645_test,9.22
3646_test,44.95
3647_test,40.95
3648_test,10.11
3649_test,7.48
3650_test,30.42
3651_test,7.48
3652_test,85.33
3653_test,3.64
3654_test,10.11
3655_test,10.42
3656_test,3.7
3657_test,15.55
3658_test,6.27
3659_test,360.53
3660_test,54.94
3661_test,18.49
3662_test,10.65
3663_test,20.62
3664_test,13.36
3665_test,38.82
3666_test,6.27
3667_test,10.65
3668_test,10.42
3669_test,28.29
3670_test,3.7
